Date,Open,High,Low,Close,Adj Close,Volume
3/28/2017,313.007019,315.394257,310.895203,312.869293,304.565186,2273422
3/29/2017,314.476105,318.056976,313.282471,316.63382,308.229797,9644521
3/30/2017,316.63382,323.566071,314.200653,322.464233,313.905457,4265079
3/31/2017,321.362427,323.474243,316.771545,321.408325,312.877594,5680716
4/3/2017,317.689728,317.689728,308.737488,313.833374,305.503693,7198764
4/5/2017,314.889282,318.837433,311.354279,316.312439,307.916931,4607243
4/6/2017,314.935181,314.935181,309.97702,313.833374,305.503693,2367916
4/7/2017,315.899261,321.775604,313.787445,316.496094,308.095673,6230255
4/10/2017,319.801514,319.893341,314.062897,317.414276,308.989532,1504194
4/11/2017,314.935181,326.641968,314.797455,321.546051,313.011627,2284661
4/12/2017,318.60788,324.943329,317.092896,322.096985,313.547974,2482627
4/13/2017,321.362427,324.57605,311.492004,312.410187,304.118256,6434183
4/17/2017,314.751556,315.210632,310.711548,313.374268,305.056732,2050731
4/18/2017,312.180634,315.256531,308.783386,311.078827,302.822235,6057155
4/19/2017,311.62973,313.787445,305.523865,312.134735,303.850128,2728188
4/20/2017,314.016998,315.669708,310.390198,314.705627,306.352753,2058528
4/21/2017,314.016998,317.689728,312.456085,314.751556,306.397522,1472524
4/24/2017,315.853363,318.102905,310.941101,316.450165,308.051056,1460191
4/25/2017,314.935181,330.360565,313.466095,324.989227,316.363434,4659584
4/26/2017,324.989227,330.54422,323.198792,328.294678,319.581177,3212025
4/27/2017,325.264679,332.334656,324.805603,328.616028,319.893982,4886630
4/28/2017,326.22876,328.616028,321.821533,326.412415,317.74884,2930668
5/2/2017,326.412415,326.825592,318.332428,319.158813,310.687775,2391173
5/3/2017,319.617889,321.362427,315.715637,318.011078,309.570526,2568622
5/4/2017,318.332428,322.647888,315.577911,317.689728,309.25766,1321097
5/5/2017,318.102905,320.444244,315.072906,316.541992,308.140411,1677040
5/8/2017,316.541992,326.182861,316.128815,322.556061,313.994873,2901473
5/9/2017,321.362427,322.280609,315.486084,317.001068,308.587311,3069036
5/10/2017,308.96701,349.275055,308.96701,342.250977,333.167053,26586687
5/11/2017,339.725983,340.506439,332.793762,336.053284,327.13382,7911161
5/12/2017,332.610107,340.001465,331.921478,335.226929,326.329407,3995492
5/15/2017,336.053284,339.680084,331.829651,334.354645,325.480286,4056028
5/16/2017,335.961456,346.750061,335.548279,343.720062,334.597107,6381015
5/17/2017,340.82782,349.734131,340.82782,345.189148,336.027222,5735161
5/18/2017,343.12326,350.376862,338.440552,340.414642,331.379456,3615826
5/19/2017,342.48053,348.4487,338.027374,342.250977,333.167053,5915009
5/22/2017,343.398712,347.622345,341.011444,342.067352,332.988281,2981350
5/23/2017,341.608276,345.4646,340.644165,341.470551,332.407349,6332437
5/24/2017,337.889648,342.48053,335.731934,338.210999,329.234314,7562029
5/25/2017,336.971466,345.556427,331.232849,340.368713,331.334747,15443478
5/26/2017,338.807831,349.320953,338.348724,343.031433,333.926788,3113180
5/29/2017,344.041443,347.897797,337.797821,342.572357,333.479889,2174041
5/30/2017,344.13324,345.969604,339.129181,340.368713,331.334747,2132776
5/31/2017,343.398712,346.061432,337.935547,341.14917,332.094482,16773029
6/1/2017,339.725983,342.847809,335.915558,336.879639,327.938232,2422144
6/2/2017,340.460541,350.147308,339.542358,342.710083,333.613953,5641953
6/5/2017,342.664154,346.887787,340.965546,341.929626,332.854156,2540490
6/6/2017,339.725983,342.021454,336.971466,338.807831,329.815277,3599287
6/7/2017,342.893707,344.546448,340.644165,342.296906,333.211731,4228349
6/8/2017,342.434631,343.674164,336.696014,337.614197,328.653351,3787426
6/9/2017,337.660095,340.735992,336.282837,337.705994,328.742676,3145951
6/12/2017,336.879639,341.378723,333.803741,335.318756,326.418823,2416992
6/13/2017,334.216919,338.348724,332.472382,333.482391,324.631165,1234457
6/14/2017,333.757843,338.394623,331.967377,335.594208,326.686951,2295533
6/15/2017,335.594208,340.185089,334.630096,335.410553,326.508148,2771124
6/16/2017,336.053284,337.430542,331.095123,334.997375,326.105957,4870811
6/19/2017,334.216919,338.578278,333.52829,337.430542,328.474548,1853313
6/20/2017,338.578278,340.506439,335.82373,336.604187,327.670135,2506870
6/21/2017,336.420563,338.073273,334.676025,337.246918,328.295807,2891476
6/22/2017,337.660095,338.761902,332.839661,336.236908,327.312561,6884094
6/23/2017,335.961456,338.394623,333.52829,336.236908,327.312561,5576341
6/27/2017,335.135101,345.14325,335.135101,341.057343,332.005096,4149019
6/28/2017,344.225067,350.42276,337.430542,346.336884,337.14447,4132340
6/29/2017,346.841888,354.73822,346.795959,351.157318,341.836975,4611430
6/30/2017,351.157318,352.488678,342.113251,348.632324,339.378967,3561269
7/3/2017,350.239136,352.718231,345.969604,350.790039,341.479431,1656609
7/4/2017,352.488678,352.488678,347.163239,348.265045,339.021454,1802796
7/5/2017,346.153259,347.530518,342.80188,345.510529,336.340027,2295434
7/6/2017,345.740051,351.524597,343.352814,350.10141,340.809082,2355267
7/7/2017,352.580505,355.840027,351.662323,354.325043,344.920654,4760583
7/10/2017,359.971832,376.590851,358.227295,372.504974,362.618073,2062970
7/11/2017,371.081787,375.443146,361.257294,363.093628,353.456451,6061484
7/12/2017,365.251343,369.383148,362.175446,364.608643,354.931305,2840913
7/13/2017,369.33725,371.770416,366.077728,370.163605,361.23175,2826211
7/14/2017,371.908142,375.167694,369.291351,373.698608,364.681427,2379341
7/17/2017,375.994049,376.453125,372.734497,375.029968,365.980621,2471237
7/18/2017,372.96405,394.816711,372.96405,374.892242,365.846283,3965205
7/19/2017,376.453125,388.205811,373.928131,386.782623,377.449738,5010071
7/20/2017,387.471283,389.766724,382.054016,385.451294,376.150543,3343486
7/21/2017,382.880371,382.880371,369.6586,377.646759,368.534332,11919948
7/24/2017,373.698608,387.930359,372.826324,385.680817,376.374512,5325602
7/25/2017,388.068085,396.285797,384.395386,392.796692,383.318695,7003070
7/26/2017,394.816711,394.86261,387.24173,391.373535,381.929871,5658656
7/27/2017,391.143982,391.832611,377.784485,382.008118,372.790466,15158445
7/28/2017,379.253571,381.503113,374.800415,379.483124,370.326385,1904370
7/31/2017,381.044037,386.966278,376.453125,384.670837,375.388916,2899301
8/1/2017,385.772644,388.389435,379.896301,382.9263,373.686432,2403251
8/2/2017,386.415375,388.068085,378.978119,381.824463,372.611237,2154600
8/3/2017,381.91629,390.317627,379.437225,389.491272,380.093018,2760974
8/4/2017,388.710815,388.710815,377.922211,386.461273,377.136108,2948699
8/7/2017,386.415375,388.022186,382.375397,383.293549,374.044861,1275309
8/8/2017,383.339478,390.2258,380.217651,383.614929,374.358459,1957637
8/9/2017,384.670837,384.670837,378.28949,382.008118,372.790466,1335855
8/10/2017,381.135834,386.093994,378.564941,382.191742,372.969635,1630521
8/11/2017,378.28949,383.798553,376.453125,380.630829,371.446381,2491880
8/14/2017,379.207672,380.539032,371.999969,375.121765,366.070251,2193109
8/16/2017,373.698608,377.463135,370.714508,374.387238,365.353455,4104373
8/17/2017,377.371307,385.634918,372.734497,382.283569,373.059204,3222385
8/18/2017,380.079926,387.838531,378.978119,386.553101,377.225739,3005924
8/21/2017,388.802643,390.960358,383.339478,384.854462,375.568085,2037492
8/22/2017,388.113983,390.2258,382.467194,387.56308,378.211365,3392950
8/23/2017,389.53717,398.48941,389.491272,396.561249,386.992401,4667138
8/24/2017,397.571228,398.81076,392.980347,397.52533,387.933228,2721935
8/28/2017,398.48941,402.299866,395.000336,398.856689,389.232422,2754768
8/29/2017,399.866669,399.866669,392.383514,393.072174,383.587524,2063786
8/30/2017,396.19397,396.377594,392.52124,393.898529,384.393921,2345167
8/31/2017,396.469421,396.469421,389.445343,392.704895,383.229126,7766676
9/1/2017,394.816711,395.229889,386.736725,387.976257,378.614563,1959397
9/4/2017,388.389435,390.179901,379.850403,382.329468,373.104034,1383212
9/5/2017,380.217651,380.952209,365.34317,373.239502,364.233398,7071312
9/6/2017,368.694519,372.367249,368.694519,369.566803,360.649323,2026245
9/7/2017,369.6586,374.111786,362.726379,364.792267,355.98999,2593724
9/8/2017,365.34317,371.724518,364.149536,370.484985,361.545349,1976631
9/11/2017,373.698608,374.065857,365.894073,369.97998,361.052521,1582450
9/12/2017,373.698608,373.698608,365.434998,372.045868,363.068573,2535506
9/13/2017,374.065857,374.341309,367.087708,368.786346,359.887726,1843110
9/14/2017,373.239502,373.239502,364.516815,366.261353,357.423615,1636601
9/15/2017,367.271362,369.97998,361.165466,363.598633,354.825165,5240972
9/18/2017,366.35318,368.419067,362.864105,364.195465,355.407623,1285211
9/19/2017,366.35318,366.35318,358.640472,362.496826,353.749939,1083439
9/20/2017,340.644165,366.261353,340.644165,364.379089,355.586792,11562380
9/21/2017,359.925934,369.474976,357.860016,367.363159,358.49884,6436235
9/22/2017,365.434998,368.143616,359.237274,363.001831,354.242767,5176552
9/25/2017,364.424988,364.424988,355.702301,357.860016,349.225006,2946955
9/26/2017,355.564575,360.293182,351.708221,355.656403,347.074554,4125686
9/27/2017,356.207306,358.089569,352.855957,354.370941,345.820129,2664154
9/28/2017,355.794128,357.079559,346.612335,350.790039,342.325623,15869195
9/29/2017,350.698242,359.788208,348.127319,357.584564,348.956207,5238820
10/3/2017,359.925934,360.752289,351.662323,353.177307,344.655304,1808607
10/4/2017,354.41684,354.921844,345.326874,346.290985,337.93515,3081059
10/5/2017,345.923706,349.504608,342.618256,346.795959,338.427917,3309221
10/6/2017,347.255066,352.167328,347.255066,351.019592,342.549652,1046210
10/9/2017,349.275055,350.376862,346.658234,347.943695,339.547974,1170173
10/10/2017,348.402771,355.840027,344.316895,353.131409,344.610504,1474526
10/11/2017,354.600494,373.147675,354.41684,370.530884,361.590118,7630898
10/12/2017,370.209534,371.678589,363.323181,367.500885,358.63327,3949239
10/13/2017,394.816711,401.243958,386.369446,395.643066,386.096375,45113029
10/16/2017,396.8367,420.342072,396.8367,416.210266,406.167297,20755415
10/17/2017,418.689331,430.947021,417.862976,427.825226,417.502014,18496529
10/18/2017,429.707489,430.625641,420.066589,424.152496,413.917877,8849712
10/19/2017,426.952942,438.705627,425.575684,434.987,424.490936,2597461
10/23/2017,436.134735,460.374634,436.134735,456.656006,445.637085,29019970
10/24/2017,453.258759,463.404633,453.258759,460.971466,449.84845,17321597
10/25/2017,461.751892,475.616394,453.488312,473.550507,462.123962,9895096
10/26/2017,469.740051,476.855927,461.338715,469.4646,458.136627,10828626
10/27/2017,469.740051,469.831879,443.480164,445.591949,434.839996,8740217
10/30/2017,450.366486,456.977386,446.280609,452.570129,441.649811,7078408
10/31/2017,449.90741,462.210999,446.877411,456.51828,445.502686,12456858
11/1/2017,476.07547,500.131744,468.270966,494.98996,483.046051,35050241
11/2/2017,500.361298,503.666748,487.185455,498.754486,486.719757,10750137
11/3/2017,498.754486,518.587158,493.33725,496.96405,484.972534,17797149
11/6/2017,495.724487,500.039948,484.017731,488.975891,477.177124,8143064
11/7/2017,492.051788,492.694519,470.199158,472.265045,460.869507,6924581
11/8/2017,455.416473,467.352783,443.57196,454.773743,443.800232,49408955
11/9/2017,461.15509,466.434601,454.773743,462.991455,451.819702,10778276
11/10/2017,465.516449,469.877777,455.967377,462.256897,451.102814,10294410
11/13/2017,461.843719,465.286896,456.013275,457.252838,446.219543,6949331
11/14/2017,458.85965,463.588257,454.314667,457.390564,446.353943,6330181
11/15/2017,457.252838,458.171021,443.93924,446.923309,436.139221,9512320
11/16/2017,448.989227,454.406464,441.781525,449.815582,438.961731,10485355
11/17/2017,454.498291,464.552338,450.87149,453.121033,442.187408,11496883
11/20/2017,453.717834,456.059204,448.989227,452.340576,441.425781,5697407
11/21/2017,454.773743,467.582336,454.039215,462.073273,450.923645,9901345
11/22/2017,463.220978,465.975525,454.911469,458.262817,447.20517,3554782
11/23/2017,461.843719,465.516449,453.121033,455.737823,444.741058,5809504
11/24/2017,456.334656,460.236908,454.498291,456.151001,445.144318,3828143
11/27/2017,455.324646,458.905548,450.825592,457.252838,446.219543,3435438
11/28/2017,457.206909,457.206909,450.091034,451.743744,440.843384,3285217
11/29/2017,451.743744,456.564209,449.90741,455.18692,444.203461,5789473
11/30/2017,452.065125,458.538269,450.641937,455.829651,444.830688,14605320
12/1/2017,458.079193,458.079193,442.424255,444.536072,433.809631,6014576
12/4/2017,445.316498,451.743744,443.021057,444.673798,433.944,2984169
12/5/2017,445.91333,451.697845,437.833344,450.504211,439.633759,4185682
12/6/2017,446.693787,452.661926,439.807434,443.893341,433.182373,8177954
12/7/2017,445.316498,476.07547,444.58197,472.586395,461.183105,6821298
12/8/2017,472.999573,487.414978,472.953674,482.181366,470.546539,13935457
12/11/2017,487.36908,493.97995,481.446838,489.113617,477.311523,12150330
12/12/2017,489.480896,490.215424,477.957764,480.987732,469.381714,3558483
12/13/2017,484.798187,489.389069,472.127319,475.019592,463.557587,7774819
12/14/2017,475.524567,482.04364,469.189148,477.72821,466.200867,3288505
12/15/2017,484.614532,486.496796,472.632324,475.570496,464.095184,6857914
12/18/2017,463.771881,488.287262,454.590118,483.191376,471.532196,10270008
12/19/2017,483.650452,495.999969,477.636383,492.694519,480.806,6744101
12/20/2017,495.816315,496.596771,483.375,485.624542,473.906677,7356440
12/21/2017,485.257263,488.241333,479.289124,481.217285,469.605743,5547441
12/22/2017,483.788177,494.852234,480.620453,485.303192,473.593048,9309923
12/26/2017,487.552704,501.692657,482.273193,498.524933,486.495728,6318000
12/27/2017,499.94812,502.702667,487.185455,490.904053,479.058746,6576681
12/28/2017,490.766327,493.566772,486.726349,487.874084,476.101929,8538855
12/29/2017,488.287262,494.393158,479.289124,486.313171,474.578644,7363797
1/1/2018,487.552704,494.071777,482.410919,484.70636,473.01059,4719333
1/2/2018,489.297241,489.297241,469.969604,474.285034,462.840759,5145590
1/3/2018,476.672302,482.502747,472.632324,475.800018,464.319183,6216553
1/4/2018,476.534576,484.063629,472.402771,480.207275,468.620117,5844199
1/5/2018,482.04364,498.111755,476.121399,495.816315,483.852478,7861243
1/8/2018,490.444977,490.444977,472.127319,474.10141,462.66156,12061390
1/9/2018,475.616394,478.41684,463.404633,468.087341,456.792603,7402279
1/10/2018,472.861847,475.157318,463.037354,464.965515,453.746094,6544424
1/11/2018,466.434601,474.42276,462.027344,472.632324,461.227905,5796686
1/12/2018,473.780029,475.019592,463.220978,467.857788,456.568604,4758483
1/15/2018,468.087341,470.061401,461.338715,463.220978,452.043671,2782331
1/16/2018,466.434601,471.622314,451.192841,456.564209,445.547546,6302128
1/17/2018,454.498291,462.027344,451.23877,458.997375,447.921967,6698572
1/18/2018,460.007355,467.169159,452.661926,454.498291,443.531464,7767065
1/19/2018,444.398346,459.318726,443.93924,457.161011,446.129944,9782631
1/22/2018,455.049194,457.711914,448.071045,450.55014,439.678558,4448642
1/23/2018,453.580109,457.987366,448.805573,451.835571,440.933014,6037482
1/24/2018,447.061035,447.152863,417.908875,421.902954,411.722626,28808019
1/25/2018,425.575684,425.575684,408.084381,415.659363,405.629669,20200906
1/29/2018,407.671204,409.874817,399.453491,404.549377,394.787781,26639578
1/30/2018,404.549377,414.190277,401.47348,404.549377,397.301514,10482710
1/31/2018,406.293915,409.507538,400.693054,403.860748,396.625183,6939087
2/1/2018,404.044403,410.42572,394.908508,402.529388,395.317719,7947503
2/2/2018,401.978485,404.457581,381.778564,387.792633,380.844971,6545202
2/5/2018,383.569,410.196198,377.554932,404.182129,396.940826,14802436
2/6/2018,385.634918,411.11438,384.303558,403.218018,395.993958,9159108
2/7/2018,408.543457,412.629364,392.153992,395.046234,387.968597,10780172
2/8/2018,398.48941,400.325775,390.2258,394.633057,387.562836,6059719
2/9/2018,389.307617,398.443512,385.359467,387.930359,380.980225,5294559
2/12/2018,394.633057,395.734863,386.874451,389.674896,382.693512,3913750
2/14/2018,391.419434,402.621216,391.419434,399.223969,392.071503,10275281
2/15/2018,403.355743,403.355743,391.786713,393.8526,386.796387,4498633
2/16/2018,399.361694,399.361694,384.165833,385.359467,378.455414,4322656
2/19/2018,385.497192,385.634918,370.209534,380.447205,373.631134,6338101
2/20/2018,381.135834,387.654907,381.135834,383.890381,377.012634,7874566
2/21/2018,385.634918,387.930359,383.201752,385.313568,378.410309,4644671
2/22/2018,384.533112,384.946289,379.529022,382.054016,375.209167,10571033
2/23/2018,384.716736,393.163971,382.972198,390.730804,383.730499,7365954
2/26/2018,394.816711,394.816711,386.415375,388.527191,381.566345,3996707
2/27/2018,390.960358,397.249878,389.583069,395.275787,388.194061,5092641
2/28/2018,394.816711,398.030334,391.052155,393.485352,386.435699,25442533
3/1/2018,393.944427,400.876678,390.914429,392.750793,385.714294,5729435
3/5/2018,392.016266,392.153992,383.431274,386.966278,380.033447,3792452
3/6/2018,389.032166,392.658966,377.004028,380.034027,373.225342,4127247
3/7/2018,377.049957,382.23764,359.237274,370.209534,363.576904,11842304
3/8/2018,377.830414,380.217651,362.68045,368.464966,361.863586,8504409
3/9/2018,371.770416,375.075867,365.02182,369.245422,362.630035,4999488
3/12/2018,371.862244,389.766724,370.944061,387.058105,380.123596,8232597
3/13/2018,388.389435,394.633057,385.772644,391.419434,384.406769,5607493
3/14/2018,391.052155,391.052155,384.303558,388.022186,381.070404,4117215
3/15/2018,388.022186,389.583069,383.109924,386.048096,379.131653,3569191
3/16/2018,381.27356,391.832611,379.804474,382.650848,375.795319,7882372
3/19/2018,383.798553,387.104004,364.241364,366.949982,360.375732,5890008
3/20/2018,366.35318,370.484985,360.568634,367.638611,361.052032,8128078
3/21/2018,370.025879,385.772644,369.291351,383.982208,377.102783,9095642
3/22/2018,380.125854,385.864471,378.381317,381.59494,374.758331,5282975
3/23/2018,378.886292,384.670837,372.045868,378.93222,372.143311,5591226
3/26/2018,378.28949,388.389435,373.331329,387.012177,380.078491,4794754
3/27/2018,387.471283,387.838531,374.800415,379.391296,372.594116,6622278
3/28/2018,377.371307,379.253571,363.047729,366.077728,359.519104,11202944
4/2/2018,366.812256,368.878174,358.548645,362.772278,356.272858,5431320
4/3/2018,359.237274,370.944061,359.237274,369.291351,362.67514,4965941
4/4/2018,370.944061,371.678589,360.798187,362.726379,356.227814,3950938
4/5/2018,365.526794,368.097717,359.145477,361.670471,355.190796,9567509
4/6/2018,361.945923,364.057739,351.75412,353.452759,347.120331,9251871
4/9/2018,351.570496,355.05957,345.831879,349.183228,342.927277,13051114
4/10/2018,349.871857,355.05957,343.857788,354.003662,347.661346,13036633
4/11/2018,356.253204,358.824097,351.983673,353.774139,347.435944,7551790
4/12/2018,352.580505,353.957764,348.173248,349.091431,342.837128,4876418
4/13/2018,351.616394,354.600494,345.051422,346.979614,340.763153,7595737
4/16/2018,346.153259,349.183228,343.857788,345.831879,339.635956,4063712
4/17/2018,346.153259,352.0755,343.536438,350.790039,344.50528,6239065
4/18/2018,352.305054,359.788208,351.065491,352.810028,346.489136,6243722
4/19/2018,356.941833,364.792267,353.911865,363.001831,356.498322,3777792
4/20/2018,361.349091,370.66861,359.420929,369.107697,362.494781,7354832
4/23/2018,368.648621,373.239502,364.379089,369.888153,363.261261,4117790
4/24/2018,369.0159,375.167694,364.149536,373.009949,366.327118,6853543
4/25/2018,380.539032,392.429443,378.28949,385.497192,378.590637,21783137
4/26/2018,385.634918,385.634918,372.275421,375.718597,368.987244,13618444
4/27/2018,373.009949,378.059937,368.189514,375.30542,368.581482,4920646
4/30/2018,373.698608,379.437225,371.127686,376.039948,369.302856,3566177
5/2/2018,379.115845,379.115845,372.780426,375.029968,368.310944,6629917
5/3/2018,373.055878,374.61676,366.35318,371.31134,364.658936,4048200
5/4/2018,377.233582,384.119934,361.762268,364.287262,357.760712,15699897
5/7/2018,368.648621,371.449066,363.139557,365.664551,359.113342,6432313
5/8/2018,368.602692,369.97998,364.333191,368.32724,361.728302,3882910
5/9/2018,370.209534,375.994049,364.700439,369.520874,362.900574,8853576
5/10/2018,371.724518,379.850403,370.852234,378.381317,371.602264,8857216
5/11/2018,367.409088,369.750427,350.285034,354.967743,348.608154,25084393
5/14/2018,354.41684,361.762268,347.346863,351.800049,345.497223,9642921
5/15/2018,351.662323,356.39093,347.392792,350.698242,344.415161,6947897
5/16/2018,351.616394,351.616394,343.398712,344.638245,338.463745,6641547
5/17/2018,346.382782,347.943695,335.548279,337.522369,331.475372,9815529
5/18/2018,337.935547,337.935547,325.999237,331.783752,325.839539,12204435
5/21/2018,331.783752,339.037354,326.136963,330.54422,324.622192,5381337
5/22/2018,327.743774,340.735992,322.831512,332.242828,326.290405,7103421
5/23/2018,332.19693,335.869659,325.264679,327.606049,321.736664,6482568
5/24/2018,329.626038,343.306885,327.697845,341.470551,335.352783,4905207
5/25/2018,341.837799,348.907776,336.971466,346.10733,339.906494,4068910
5/28/2018,346.704163,349.642334,340.460541,344.45462,338.283417,6488173
5/29/2018,345.189148,350.468689,340.873718,348.127319,341.890289,3786954
5/30/2018,347.897797,347.897797,342.48053,345.051422,338.869476,3668867
5/31/2018,345.326874,351.845947,340.873718,343.031433,336.885712,11758843
6/1/2018,343.903717,354.325043,342.067352,352.305054,345.993164,4464391
6/4/2018,352.580505,355.105469,339.81781,341.837799,335.71347,3885387
6/5/2018,341.011444,341.791901,328.294678,334.492371,328.499634,5433788
6/6/2018,332.472382,350.652313,332.472382,348.678223,342.431335,5463442
6/7/2018,348.632324,354.646393,344.316895,348.861877,342.611694,3962161
6/8/2018,348.4487,352.0755,341.791901,346.658234,340.44751,4219442
6/11/2018,346.841888,359.742279,346.841888,356.987762,350.59201,5929183
6/12/2018,358.04364,361.211365,348.494598,349.504608,343.24292,6019564
6/13/2018,343.398712,351.570496,342.755981,344.913696,338.734253,7295849
6/14/2018,342.939636,352.580505,342.939636,345.694153,339.500732,5122772
6/15/2018,347.714142,349.137329,339.909637,347.300964,341.078735,6222735
6/18/2018,347.025513,349.734131,337.935547,340.552368,334.45105,3062753
6/19/2018,340.644165,345.14325,338.991455,340.82782,334.721588,3889099
6/20/2018,342.021454,345.694153,340.139191,341.470551,335.352783,2734510
6/21/2018,344.270966,344.316895,334.033295,338.532379,332.467285,4183340
6/22/2018,340.598267,345.694153,336.328735,343.903717,337.742371,3341840
6/25/2018,341.562347,347.025513,341.378723,343.536438,337.381683,3276108
6/26/2018,343.398712,351.43277,342.664154,349.091431,342.837128,4703701
6/27/2018,350.055511,350.330963,342.572357,344.913696,338.734253,3716276
6/28/2018,343.12326,350.193237,338.394623,347.025513,340.808228,6379018
6/29/2018,344.592346,351.937775,344.592346,350.698242,344.415161,3749975
7/2/2018,349.917786,350.193237,335.640106,337.935547,331.881134,4782421
7/3/2018,343.949615,343.949615,336.145111,340.414642,334.315826,3035643
7/4/2018,340.506439,341.470551,333.023285,337.338745,331.295013,4275162
7/5/2018,335.135101,336.741913,330.222839,333.666016,327.68808,6973455
7/6/2018,332.380585,335.50238,330.452393,332.610107,326.651093,7861231
7/9/2018,336.053284,336.420563,332.013306,332.472382,326.515839,5151542
7/10/2018,332.839661,339.542358,332.839661,337.705994,331.655701,1844717
7/11/2018,338.716003,338.716003,331.370575,332.380585,326.425659,2046713
7/12/2018,335.135101,335.135101,330.86557,332.518311,326.560944,2256842
7/13/2018,334.216919,334.997375,328.111053,329.580139,323.675385,5213335
7/16/2018,326.87149,330.314667,316.587891,318.975159,313.260406,3551727
7/17/2018,318.60788,322.005157,312.180634,314.522003,308.887054,5320270
7/18/2018,315.94519,316.863342,303.917053,309.242462,303.702087,5224127
7/19/2018,311.262482,319.066986,309.97702,316.771545,311.096313,4935278
7/20/2018,314.935181,319.25061,312.502014,317.138794,311.45697,4134705
7/23/2018,317.230621,330.54422,316.771545,329.580139,323.675385,4068849
7/24/2018,331.829651,336.466461,326.182861,327.606049,321.736664,4270365
7/25/2018,326.045135,326.687866,315.394257,323.474243,317.678864,5079801
7/26/2018,324.162872,330.54422,323.520142,328.386505,322.503174,3746339
7/27/2018,330.452393,343.306885,322.877411,334.85965,328.860321,8850788
7/30/2018,329.626038,357.079559,326.22876,351.891846,345.587372,7338397
7/31/2018,350.744141,360.430908,347.714142,358.640472,352.215118,7947092
8/1/2018,358.089569,366.35318,351.340942,353.039581,346.714569,9270900
8/2/2018,352.029602,353.269135,338.991455,342.48053,338.505066,6072735
8/3/2018,344.13324,346.061432,340.093262,343.857788,339.866333,3580480
8/6/2018,344.179169,355.977753,344.041443,354.187317,350.075928,3965092
8/7/2018,354.187317,355.151398,348.219147,350.652313,346.58197,2386120
8/8/2018,348.999603,356.161377,342.847809,353.774139,349.667572,3260749
8/9/2018,354.692291,354.692291,334.676025,337.017365,333.105286,12024173
8/10/2018,338.073273,344.13324,335.226929,339.542358,335.600983,4407054
8/13/2018,338.716003,345.005524,333.298737,339.863708,335.91861,4157716
8/14/2018,339.863708,342.205078,334.216919,336.971466,333.059937,3156206
8/16/2018,336.558289,343.398712,335.318756,341.562347,337.597534,2956948
8/17/2018,341.608276,344.316895,336.19101,341.011444,337.05304,3300916
8/20/2018,341.929626,343.260986,337.246918,340.230988,336.281616,2785484
8/21/2018,334.216919,340.093262,333.390564,338.119171,334.194336,3387718
8/23/2018,341.837799,345.923706,337.981445,339.634186,335.691742,4659267
8/24/2018,339.725983,340.460541,335.135101,338.761902,334.82959,2275616
8/27/2018,339.725983,352.396851,337.338745,348.127319,344.086273,6467883
8/28/2018,351.065491,354.141388,344.684174,345.969604,341.953644,3996957
8/29/2018,347.071411,351.157318,342.250977,344.225067,340.22934,4398717
8/30/2018,346.428711,353.498657,344.913696,351.75412,347.67099,7652998
8/31/2018,348.77005,354.41684,345.235077,352.44278,348.351685,8549115
9/3/2018,355.335022,355.564575,349.320953,352.396851,348.306274,4100008
9/4/2018,351.019592,352.0755,344.959625,347.392792,343.360291,3143333
9/5/2018,344.316895,346.933685,336.282837,341.608276,337.642914,6516973
9/6/2018,343.352814,344.041443,337.981445,341.837799,337.869781,2563793
9/7/2018,343.306885,359.283203,338.624176,357.72229,353.569885,5362430
9/10/2018,357.446838,364.975891,350.927765,356.620483,352.480865,5510348
9/11/2018,356.712311,360.293182,346.566437,347.714142,343.677887,5708501
9/12/2018,349.734131,350.881866,341.378723,345.877777,341.862854,3991027
9/14/2018,347.071411,356.436829,342.48053,352.213226,348.124786,3530511
9/17/2018,349.045502,359.007751,346.245056,350.790039,346.718079,3361256
9/18/2018,349.091431,353.315033,342.067352,343.12326,339.140289,2900594
9/19/2018,343.857788,349.275055,330.819672,339.771912,335.827881,2141967
9/21/2018,335.043274,348.77005,328.019226,340.185089,336.236267,5994112
9/24/2018,340.093262,342.388702,321.821533,327.055145,323.258728,7738721
9/25/2018,329.809662,333.895569,315.853363,331.003296,327.161041,6728236
9/26/2018,333.298737,335.135101,327.927399,331.737854,327.887054,4317290
9/27/2018,331.921478,333.711914,325.631958,327.606049,323.803223,4401260
9/28/2018,327.606049,329.626038,307.727478,310.849274,307.240967,12179560
10/1/2018,311.262482,312.180634,295.377991,300.014771,296.532227,10667312
10/3/2018,299.326141,300.519775,290.465729,292.39389,288.999786,7253425
10/4/2018,289.547546,291.475708,277.427582,284.77301,281.467377,8804379
10/5/2018,283.258026,290.052551,268.016266,274.16806,270.985535,7807545
10/8/2018,274.351685,274.351685,267.189911,271.046265,267.899963,9830736
10/9/2018,272.010345,272.607147,263.517181,265.353546,262.273346,9324189
10/10/2018,265.353546,278.942596,260.946289,270.954437,267.809235,11125931
10/11/2018,265.307648,270.678986,259.155853,262.002197,258.960907,5098467
10/12/2018,264.435364,268.658997,261.359467,266.317627,263.226227,9811029
10/15/2018,266.317627,269.026276,260.808563,267.281708,264.179138,2839578
10/16/2018,268.475342,271.688965,265.53717,269.944427,266.810944,3279644
10/17/2018,272.239899,273.938507,261.359467,264.89447,261.819611,4223253
10/19/2018,263.517181,269.2099,261.313568,263.792633,260.73053,4062747
10/22/2018,265.766724,266.271729,254.197678,262.369476,259.323914,7113455
10/23/2018,259.890381,266.822632,259.844482,262.507202,259.460052,7229023
10/24/2018,266.271729,301.851135,263.195831,290.006653,286.640289,13282034
10/25/2018,281.880768,285.002563,268.245819,271.367615,268.217621,16668675
10/26/2018,272.790802,280.962585,263.517181,273.571259,270.39566,8559298
10/29/2018,274.627136,278.713043,266.271729,270.036255,266.901703,6155559
10/30/2018,270.357635,272.882599,265.674896,268.658997,265.540436,5236047
10/31/2018,268.934448,270.86261,256.079956,268.429443,265.313538,8013097
11/1/2018,269.026276,273.617157,263.838562,269.485352,266.357178,5171149
11/2/2018,269.852631,282.615295,269.485352,277.335785,274.116486,4820038
11/5/2018,276.188049,280.411682,273.617157,278.391693,277.41391,4752247
11/6/2018,279.126221,282.753021,278.116241,280.090302,279.106567,2889494
11/7/2018,283.717102,283.717102,279.080322,281.192139,280.204529,301359
11/9/2018,266.088104,278.575317,265.078094,275.223969,274.257324,9252093
11/12/2018,276.371704,280.044403,269.944427,271.964447,271.009247,6667143
11/13/2018,271.780792,279.126221,266.54718,273.203979,272.244446,4237921
11/14/2018,275.453522,286.288025,273.617157,276.647156,275.675507,5318746
11/15/2018,276.647156,281.605316,273.617157,279.4935,278.511871,4411075
11/16/2018,278.116241,309.242462,277.289856,305.523865,304.450806,24584652
11/19/2018,302.447968,311.170654,292.898895,309.288391,308.202118,12821674
11/20/2018,305.845215,311.675659,301.437958,304.789307,303.718811,11691270
11/21/2018,303.917053,311.675659,303.136597,305.477936,304.405029,9233430
11/22/2018,304.743408,311.997009,295.102539,301.02478,299.967529,9721413
11/26/2018,301.208405,311.170654,301.208405,307.176575,306.097717,6501788
11/27/2018,306.579773,308.416107,297.581604,301.300232,300.242004,7591935
11/28/2018,304.835205,305.569763,285.553467,288.399811,287.386902,9993255
11/29/2018,294.73526,295.653442,286.471649,291.246185,290.223267,9047499
11/30/2018,292.898895,297.765259,285.278015,287.848907,286.837921,6474028
12/3/2018,290.603455,294.73526,288.76709,293.587524,292.556396,3306548
12/4/2018,294.73526,297.030701,284.864838,292.485718,291.458435,7024770
12/5/2018,293.541626,294.597534,284.818939,287.206207,286.197479,4934703
12/6/2018,285.553467,285.553467,277.289856,279.126221,278.145874,6445477
12/7/2018,280.044403,282.615295,274.48941,279.080322,278.100128,5201231
12/10/2018,274.030334,276.968506,267.052185,270.816711,269.86554,5642824
12/11/2018,264.435364,270.311707,258.9263,266.501282,265.565277,9810182
12/12/2018,269.944427,285.553467,267.648987,280.549408,279.564056,10110011
12/13/2018,283.258026,287.252106,276.876678,278.299866,277.322418,7525390
12/14/2018,280.228027,306.120667,280.228027,293.128448,292.098907,22311877
12/17/2018,293.128448,296.755249,287.206207,289.409821,288.393341,6683552
12/18/2018,288.491638,294.459808,286.10437,291.797089,290.772247,6156922
12/19/2018,293.358002,297.489807,292.026642,296.296173,295.255524,5682946
12/20/2018,291.062531,295.240265,288.308014,290.649353,289.62854,5877237
12/21/2018,293.817078,298.178436,280.595306,282.707123,281.714203,12136112
12/24/2018,284.45166,286.747101,279.355774,283.808929,282.812134,5129351
12/26/2018,282.982574,296.571625,277.84079,294.230255,293.196869,8212968
12/27/2018,296.755249,297.214325,288.308014,290.787079,289.765778,8603207
12/28/2018,290.970734,294.73526,288.76709,290.649353,289.62854,5089268
12/31/2018,292.898895,294.643433,285.645294,286.930725,285.922974,4133230
1/1/2019,290.09845,295.653442,287.665283,293.358002,292.327667,6004413
1/2/2019,290.970734,294.73526,283.808929,287.068481,286.060242,6104381
1/3/2019,286.930725,289.685272,282.753021,287.848907,286.837921,6115985
1/4/2019,286.884827,298.132507,286.884827,296.06662,295.026764,11151713
1/7/2019,297.857056,301.070679,295.745239,298.362061,297.314148,5409525
1/8/2019,297.260254,304.605682,296.801147,302.310242,301.248474,7062377
1/9/2019,305.937042,310.252472,300.519775,307.130676,306.051971,7870424
1/10/2019,309.012939,310.941101,305.202484,309.701569,308.613831,5642226
1/11/2019,309.563843,309.701569,302.080688,307.68158,306.600952,5813431
1/14/2019,306.763397,307.406128,301.300232,304.467957,303.39859,3606983
1/15/2019,302.998871,311.583832,299.785248,310.114746,309.025574,5601729
1/16/2019,309.196564,317.001068,304.284302,306.625671,305.548737,7563381
1/17/2019,305.753387,309.196564,303.182495,304.881134,303.810333,4485363
1/18/2019,303.457947,305.248413,279.401672,285.691193,284.687775,16058369
1/21/2019,285.278015,289.685272,280.962585,285.874847,284.870789,8462367
1/22/2019,286.471649,286.563477,276.876678,279.906677,278.923584,8608991
1/23/2019,281.697113,282.248016,277.565308,278.850769,277.871399,5514459
1/24/2019,281.605316,282.615295,270.403534,276.968506,275.995728,10198123
1/25/2019,279.126221,286.471649,277.289856,282.339844,281.348206,5928740
1/28/2019,282.79895,284.038483,270.587158,280.182129,279.198059,4462283
1/29/2019,280.044403,284.313934,277.014404,282.661224,281.668457,3150864
1/30/2019,283.717102,287.298004,275.545319,278.850769,277.871399,6432689
1/31/2019,279.585327,285.048462,278.345764,281.329865,280.341766,9318290
2/1/2019,280.13623,294.643433,280.044403,286.333923,285.328247,9073573
2/4/2019,284.635284,285.323914,277.473511,281.46759,280.479004,3824016
2/5/2019,271.229889,286.150299,268.88855,282.982574,281.988678,14408150
2/6/2019,281.880768,285.094391,276.371704,283.487579,282.491913,5106801
2/7/2019,283.349854,288.675293,280.228027,285.691193,284.687775,3781521
2/8/2019,283.717102,288.491638,281.054413,287.619385,286.609192,3351016
2/11/2019,289.226196,289.639374,285.553467,286.655273,285.648468,3242729
2/12/2019,286.196198,289.7771,284.313934,285.78302,284.779297,2185109
2/14/2019,283.717102,284.543488,272.239899,276.188049,275.218018,8415395
2/15/2019,276.371704,281.008484,273.020325,279.677124,278.694855,6603478
2/18/2019,281.78894,282.018494,275.49942,277.794861,276.819183,4358423
2/19/2019,279.034393,287.848907,276.876678,278.850769,277.871399,7454027
2/20/2019,280.549408,285.415741,279.998505,283.717102,282.720642,6102393
2/21/2019,280.870758,285.553467,278.208038,284.543488,283.544098,5698776
2/22/2019,283.900757,290.603455,282.844849,288.170288,287.158173,6085354
2/25/2019,288.308014,293.817078,286.10437,291.292084,290.269012,4078190
2/26/2019,289.868896,294.276154,287.757111,289.639374,288.622101,5459709
2/27/2019,292.852997,298.637512,288.629364,293.954803,292.922363,4443715
2/28/2019,298.316162,300.198425,290.09845,292.026642,291.000977,7546004
3/1/2019,291.797089,291.797089,277.381683,282.47757,281.485443,29032737
3/5/2019,282.79895,283.900757,278.758942,282.661224,281.668457,11186728
3/6/2019,285.507568,287.619385,283.074402,284.084381,283.086609,6962671
3/7/2019,284.635284,286.655273,281.880768,282.47757,281.485443,6347410
3/8/2019,284.405762,286.471649,282.47757,283.44165,282.446136,4359661
3/11/2019,283.763031,309.517914,283.44165,306.487946,305.411499,16744630
3/12/2019,305.569763,325.035156,302.402039,323.015137,321.880646,29515923
3/13/2019,319.985168,327.376495,308.96701,310.114746,309.025574,13735921
3/14/2019,309.426117,317.643799,307.176575,314.384277,313.28009,6803550
3/15/2019,315.853363,316.63382,304.100677,310.068848,308.979828,11324107
3/18/2019,310.344299,315.531982,302.35614,303.595673,302.529388,5737237
3/19/2019,304.835205,311.675659,304.835205,309.196564,308.110596,5535508
3/20/2019,309.563843,312.088837,305.156586,306.67157,305.594482,3248513
3/22/2019,308.507935,318.975159,302.35614,304.422028,303.352844,8945744
3/25/2019,305.661591,307.497925,296.755249,300.244324,299.189819,5156688
3/26/2019,301.667511,304.284302,299.555695,300.978882,299.921783,4168956
3/27/2019,303.917053,305.753387,294.184357,296.112518,295.07251,5842228
3/28/2019,296.204346,305.753387,291.75119,302.952942,301.888916,13365981
4/1/2019,306.579773,316.725616,305.937042,312.915192,311.816162,6949926
4/2/2019,314.935181,329.626038,314.935181,327.284668,326.135162,21841416
4/3/2019,326.87149,333.298737,319.066986,321.362427,320.233734,12025039
4/4/2019,323.198792,330.085114,323.198792,327.606049,326.455444,11943908
4/5/2019,329.258759,330.314667,324.621948,327.468323,326.318176,3659366
4/8/2019,329.075134,334.033295,323.703796,325.90741,324.762756,5551944
4/9/2019,329.21286,331.462402,313.557922,322.831512,321.697662,9888327
4/10/2019,322.096985,325.402405,310.344299,312.180634,311.084198,4671700
4/11/2019,313.741547,322.510162,309.563843,318.011078,316.894165,17854063
4/12/2019,318.60788,321.683777,311.262482,313.9711,312.868378,8195881
4/15/2019,316.679718,320.444244,307.406128,319.25061,318.129333,10021890
4/16/2019,319.526062,322.372437,312.869293,320.214691,319.090027,9343948
4/18/2019,320.903351,321.775604,305.432037,318.561981,317.443115,15841399
4/22/2019,315.853363,329.21286,309.058838,320.811523,319.684753,15056704
4/23/2019,325,325.399994,314.200012,316.5,315.388397,11412878
4/24/2019,316.5,326.299988,315.600006,324.5,323.360291,7029531
4/25/2019,322.799988,332.899994,321,328.5,327.346252,11305703
4/26/2019,330,335.700012,322.299988,325.450012,324.306976,4908166
4/30/2019,324,326.799988,314.049988,320.299988,319.175018,6026790
5/2/2019,322.899994,329.399994,321.600006,324.200012,323.061371,7779750
5/3/2019,324.450012,333.850006,324.450012,331.450012,330.285889,9718936
5/6/2019,331.450012,336.399994,326.5,333.450012,332.27887,14596079
5/7/2019,340,340.850006,321.450012,324.950012,323.808716,17408388
5/8/2019,324.850006,327.450012,320.100006,324.5,323.360291,4774792
5/9/2019,321.25,326.200012,312.600006,315.450012,314.342102,7850740
5/10/2019,318.899994,328.399994,315.200012,324.100006,322.9617,7711197
5/13/2019,321.5,327.350006,314.649994,318.649994,317.530823,6498273
5/14/2019,316,339.700012,315.200012,336.600006,335.417786,10752770
5/15/2019,336,338,328.700012,331.25,330.086578,7639127
5/16/2019,332,333.299988,321.049988,325.200012,324.057831,4507071
5/17/2019,323.700012,330.700012,322.149994,328.450012,327.296417,4042029
5/20/2019,332.049988,341.950012,331,340.100006,338.905518,7713557
5/21/2019,340,340.100006,328.549988,330.649994,329.488678,4237059
5/22/2019,331,337.950012,328.649994,335.149994,333.97287,6666818
5/23/2019,337.549988,349,334.200012,338.799988,337.610046,5349429
5/24/2019,340.049988,356,340,353.200012,351.959503,9576934
5/27/2019,349.700012,351.899994,346.350006,349.5,348.272491,3930538
5/28/2019,348.75,351.700012,341.700012,345.600006,344.3862,8484214
5/29/2019,343.799988,345.149994,337.850006,338.799988,337.610046,4497114
5/30/2019,340,349.549988,339.549988,346.700012,345.48233,13891400
5/31/2019,349,352.399994,344.450012,348.799988,347.574921,10825441
6/3/2019,351.5,355.75,348.850006,352.75,351.511078,5118048
6/4/2019,351,355.950012,349.75,352.399994,351.162292,6625043
6/6/2019,352.799988,355.950012,348.5,353.799988,352.557373,10317108
6/7/2019,353.799988,361.950012,351.799988,357.100006,355.845795,5771494
6/10/2019,354.799988,364.649994,353.649994,363.450012,362.173492,5882086
6/11/2019,363,366.950012,358.25,363.25,361.974182,5563691
6/12/2019,362.399994,362.399994,357.100006,359.899994,358.635956,2815172
6/13/2019,357.049988,364.950012,357.049988,363.75,362.472443,3768622
6/14/2019,362.549988,362.950012,351.649994,353.299988,352.059113,5075586
6/17/2019,355.600006,355.600006,342.100006,344,342.791809,6956493
6/18/2019,345.399994,347.350006,341.200012,345.149994,343.937744,4885837
6/19/2019,346.5,348,334.299988,341.100006,339.902008,3934382
6/20/2019,339.25,350,339.200012,348.549988,347.325806,3498169
6/21/2019,347.5,349.899994,342.700012,343.799988,342.592499,9584254
6/24/2019,345.149994,348.549988,343.5,345.100006,343.887939,3249667
6/25/2019,345.450012,352,344.549988,348.600006,347.375641,2796405
6/26/2019,350,352,342.549988,345.549988,344.336334,4645627
6/27/2019,347.25,350.850006,340.899994,348.649994,347.425476,12895120
6/28/2019,348.399994,350,342.5,346.649994,345.432495,8576035
7/1/2019,347,349.850006,345.149994,348.5,347.276001,3405198
7/2/2019,349,354.5,347.350006,353.600006,352.358093,3745884
7/3/2019,352.899994,356.5,349.75,353.200012,351.959503,8317090
7/4/2019,353.350006,365,353,362.75,361.475952,8407402
7/5/2019,362.75,371.149994,360.5,364.799988,363.518738,6751716
7/8/2019,362,364.399994,354.450012,356.399994,355.148254,3478536
7/9/2019,356,363.25,354.100006,362.299988,361.027527,3859398
7/10/2019,362.899994,364.899994,353.649994,358.549988,357.29068,5201801
7/11/2019,358.25,362.399994,356.299988,360.75,359.482971,3448755
7/12/2019,360.799988,360.799988,354.149994,356.100006,354.849304,4662763
7/15/2019,357.600006,359.399994,349.149994,350.600006,349.368622,3459346
7/16/2019,351,354.950012,349.649994,350.75,349.518097,3584392
7/17/2019,350.549988,353.399994,344.799988,346.25,345.033905,4677593
7/18/2019,348,351.200012,338.600006,342.5,341.297058,3642763
7/19/2019,343.5,346,336.100006,339.950012,338.756042,2470956
7/22/2019,339,343.5,335.600006,342.549988,341.346893,3062655
7/23/2019,342.950012,348.5,337.399994,343.600006,342.393219,3614547
7/24/2019,344,344.75,335.75,338.899994,337.709717,4751577
7/25/2019,335,343.450012,334.549988,339,337.809357,7460110
7/26/2019,338,338.899994,328.200012,334.899994,333.723755,4995313
7/29/2019,334.700012,336.450012,328.100006,334.549988,333.374969,4979396
7/30/2019,337,348.299988,335.149994,345.75,344.535645,12722092
7/31/2019,343.200012,353.75,332.700012,337.600006,336.414276,10861621
8/1/2019,335,338.75,321.149994,323.899994,322.76239,9773900
8/2/2019,332,354.950012,327.200012,343.549988,342.343384,28059958
8/5/2019,340.100006,361.649994,339.049988,357.700012,356.443695,15227460
8/6/2019,354.100006,375.399994,354.100006,368.450012,367.155945,17019717
8/7/2019,368,372.950012,362.5,366.100006,364.814178,12524292
8/8/2019,366,378.75,365.399994,372.149994,370.842926,16050094
8/9/2019,372,373.75,364.149994,371.149994,369.846436,7700362
8/13/2019,361.200012,365,346.149994,351.649994,350.414917,14028958
8/14/2019,355,363.850006,347.299988,361.200012,359.931396,7669905
8/16/2019,360,365,355,361.549988,360.280151,5719722
8/19/2019,363.450012,366.25,359.799988,361,359.732086,4521771
8/20/2019,360.5,362.350006,357.399994,358.049988,356.79245,5266052
8/21/2019,358,360.200012,353.149994,354.899994,353.653503,4046902
8/22/2019,355,357.200012,351,352.75,351.511078,3113528
8/23/2019,354,358.950012,350.5,356.399994,355.148254,4590240
8/26/2019,357.950012,362.649994,346.899994,360.649994,359.383331,4931663
8/27/2019,362.5,368.200012,344.75,348.299988,347.076691,32201102
8/28/2019,349.5,349.5,340.5,345.799988,344.58548,5524473
8/29/2019,342.350006,349.75,341.149994,343.5,342.293549,5929198
8/30/2019,345,349.600006,338.75,346.799988,345.58197,4765624
9/3/2019,345.5,345.950012,335.5,336.850006,335.666931,4226095
9/4/2019,336,347.350006,335.100006,345.700012,344.48584,5144579
9/5/2019,345,349.350006,340.950012,347.700012,346.478821,3264321
9/6/2019,350.200012,354,345.100006,349.25,348.023376,6274987
9/9/2019,350.950012,357.399994,349.549988,356.450012,355.19809,3712496
9/11/2019,361.75,361.950012,351.200012,355.100006,353.852814,4810430
9/12/2019,358.399994,358.399994,346.75,347.549988,346.329315,5535262
9/13/2019,347.600006,349.700012,340.899994,343.049988,341.845123,4920207
9/16/2019,343,345.399994,338.399994,344,342.791809,5010025
9/17/2019,348.799988,348.799988,332.549988,339.850006,338.656372,8329655
9/18/2019,341.600006,344.149994,334.600006,335.600006,334.421326,7490889
9/19/2019,338.399994,342.549988,334.700012,337.600006,336.414276,11672389
9/20/2019,339.700012,365.100006,335.049988,356.399994,355.148254,15528435
9/23/2019,356,362.25,345,348,346.77774,5746894
9/24/2019,348,352,345.399994,348.649994,347.425476,4722666
9/25/2019,349.049988,350.950012,338,341.649994,340.450043,4610586
9/26/2019,341.049988,347.049988,340.450012,344.049988,342.841614,4867361
9/27/2019,344,354.899994,339.25,349.100006,347.873901,3353263
9/30/2019,353,374.899994,344.25,367.049988,365.760834,19616421
10/1/2019,370,370.649994,346.850006,350.950012,349.717407,7208995
10/3/2019,350.950012,355.600006,341.299988,344.899994,343.688629,4944826
10/4/2019,348.299988,348.700012,334.25,339.5,338.307617,4705661
10/7/2019,338,346.75,337.100006,341.549988,340.350403,3500384
10/9/2019,343.100006,360.850006,339,359.399994,358.137695,8685318
10/10/2019,362.899994,385,362,377.25,375.925018,47660614
10/11/2019,374.950012,385.350006,372.600006,382.899994,381.555176,10908530
10/14/2019,384.450012,397,380.25,393.549988,392.167755,10729180
10/15/2019,390,391.950012,381.549988,383.649994,382.302551,8585170
10/16/2019,381.100006,386.799988,377.350006,385.25,383.896912,8912567
10/17/2019,385,387.5,379.049988,385.850006,384.494812,4787789
10/18/2019,384.950012,386.399994,380.5,383.5,382.153076,3979009
10/22/2019,381.799988,396.5,367.200012,374.100006,372.786102,11357444
10/23/2019,373.5,378,355,360.350006,359.084381,13337712
10/24/2019,353.950012,376.350006,325.5,372.350006,371.042236,72697775
10/25/2019,369.899994,378.399994,362.600006,375.149994,373.832397,27754837
10/27/2019,372,375.5,365.600006,373.100006,371.789612,1995673
10/29/2019,363,365.649994,353.100006,359.899994,358.635956,36231891
10/30/2019,364.299988,371.350006,360.649994,367.950012,366.657684,16869202
10/31/2019,366.700012,376.799988,363.75,374.25,372.935547,12794123
11/1/2019,363.350006,376.399994,363.350006,373.049988,371.739746,13682012
11/4/2019,378.25,381.700012,374,378,376.672394,7620719
11/5/2019,377,385.5,374.549988,383.950012,382.601501,6641731
11/6/2019,385,385.399994,370.25,371.450012,370.145416,8181919
11/7/2019,374.799988,375.5,369.049988,371.75,370.444336,4816149
11/8/2019,370,375.850006,366.600006,369.149994,367.853455,5982102
11/11/2019,371.25,373.950012,368.25,371.5,370.195221,2774571
11/13/2019,372.100006,373.399994,366.149994,368.600006,367.30542,6424227
11/14/2019,357.899994,367.100006,350.299988,362.5,361.226837,21091587
11/15/2019,357.850006,398.5,357.25,393.049988,391.669525,55174490
11/18/2019,396,420.549988,392.100006,409.200012,407.762817,42661408
11/19/2019,426.899994,445.649994,421.450012,439.350006,437.806915,62786851
11/20/2019,448.299988,452.950012,433.100006,437.299988,435.764099,55644344
11/21/2019,442.5,442.5,422.200012,426.299988,424.802734,22178883
11/22/2019,423,429.950012,417,420.649994,419.172577,16775621
11/25/2019,421.350006,455.649994,421.350006,451.399994,449.814575,33483563
11/26/2019,445,447,429.899994,432.350006,430.831512,23466171
11/27/2019,433.5,437,426.399994,433.350006,431.828003,13336531
11/28/2019,433.350006,443.899994,428.5,436.649994,435.116394,21940833
11/29/2019,439.600006,449.649994,435.149994,442.450012,440.896027,20010753
12/2/2019,471.149994,485.600006,455.049988,458.600006,456.989319,55735805
12/3/2019,462.799988,465.049988,445.25,459.100006,457.487549,23871561
12/4/2019,460.850006,464.799988,454.700012,461.399994,459.779449,16541195
12/5/2019,463.299988,463.600006,445.350006,447.350006,445.778809,17317332
12/6/2019,451.899994,452.399994,442.850006,444.850006,443.287598,11415172
12/9/2019,447.600006,451.600006,441.700012,445.850006,444.284088,7865300
12/10/2019,445.450012,451,443.25,447,445.430054,7140031
12/11/2019,444.5,449.049988,440.600006,442.75,441.194977,6803615
12/12/2019,442.899994,443.850006,436.5,438.649994,437.109375,7389050
12/13/2019,440,440.700012,426,427.799988,426.297455,13074677
12/16/2019,430.399994,431.049988,420.450012,421.850006,420.368378,6962613
12/17/2019,424.75,441.5,417.600006,439.950012,438.404816,22991811
12/18/2019,447,447.100006,434.149994,438.299988,436.76059,17654537
12/19/2019,436,456.799988,430.25,449.450012,447.87146,13974432
12/20/2019,449.899994,460.399994,445.700012,453.799988,452.206146,21289419
12/23/2019,449.049988,459.149994,446.450012,454.799988,453.202637,10434970
12/24/2019,454.5,460,452.399994,457.149994,455.544403,6845488
12/26/2019,455.299988,456.5,446,447.549988,445.978088,5887041
12/27/2019,449,457.049988,449,455.100006,453.501617,5887082
12/30/2019,460,464.700012,455.100006,460.5,458.882629,11917988
12/31/2019,460,462.5,454.5,455.799988,454.199127,5116528
1/1/2020,456.049988,460.5,449.75,453.299988,451.707916,5059995
1/2/2020,454.100006,459.399994,453.5,455.200012,453.601257,4842142
1/3/2020,455.700012,459.200012,451.5,455.100006,453.501617,5059594
1/6/2020,453.899994,457.450012,444.649994,449.649994,448.07074,7399981
1/7/2020,452,455.299988,443.100006,445.100006,443.536713,4273646
1/8/2020,442.600006,460.75,440.350006,458.850006,457.238434,13858623
1/9/2020,468.399994,474.950012,455.299988,460.100006,458.484039,17845812
1/10/2020,464.799988,465.950012,454.200012,457,455.394928,37029733
1/13/2020,459,470.299988,454.25,468.899994,467.253113,14925989
1/14/2020,468.899994,472.649994,466.600006,469.350006,467.701538,8086659
1/15/2020,469.5,472,465,467.850006,466.206818,10674839
1/16/2020,469.200012,476.950012,468,473.899994,472.235565,15990374
1/17/2020,475.100006,503.799988,475.100006,500.049988,498.293701,60774623
1/20/2020,499,512.700012,494.25,508.700012,506.913361,44464024
1/21/2020,510,515,504.399994,511.75,509.952637,64001338
1/22/2020,514.75,523.75,506.700012,514.5,512.692993,19911947
1/23/2020,515,526,512.349976,523.650024,521.810852,15482185
1/24/2020,520.5,527.349976,514.150024,524.25,522.408752,23385562
1/27/2020,521.150024,524.099976,511.899994,514.400024,512.593323,11638278
1/28/2020,514.349976,514.400024,486.100006,491.25,489.524628,31091035
1/29/2020,493.100006,501.399994,488.25,490.25,488.528137,19668016
1/30/2020,492,492.899994,480.100006,489.799988,488.079712,15055241
1/31/2020,493.200012,499.399994,487,496.450012,494.70639,18017965
2/3/2020,496.049988,513.349976,496.049988,510.049988,508.258575,14932443
2/4/2020,514,522.599976,503.450012,518.900024,517.077515,14376670
2/5/2020,518,537.5,515.799988,533.349976,531.476746,30082900
2/6/2020,535.049988,552.799988,534.099976,546.799988,544.879517,16863683
2/7/2020,548.900024,549,538.25,539.450012,537.555359,8802579
2/10/2020,540.200012,543.650024,536.099976,538.700012,536.807983,8412522
2/11/2020,539.5,544.650024,532.75,534.299988,532.423401,6500749
2/12/2020,536,542.349976,535,539.599976,537.704773,5065813
2/13/2020,539.700012,542.75,531.75,539.950012,538.053589,5623475
2/14/2020,544.900024,567.549988,534.25,565,563.015625,36826473
2/17/2020,564.950012,568.700012,556.5,564.849976,562.866089,22924036
2/18/2020,563.349976,568.849976,537.299988,548.25,546.324463,21462600
2/19/2020,549.099976,553.599976,538.75,543.400024,541.491516,21681078
2/20/2020,543.700012,552,538.599976,545.599976,543.683716,15715009
2/24/2020,542,542.049988,527.099976,529.900024,528.038879,9653196
2/25/2020,533,537.950012,530.950012,535.25,533.370117,9623521
2/26/2020,532.700012,539.400024,520.299988,535.950012,534.067627,18615730
2/27/2020,534.700012,535.849976,527,531.650024,529.782776,11171400
2/28/2020,524.900024,528.400024,513.5,523.5,521.661377,16622086
3/2/2020,534,536,511.850006,518.349976,516.529419,9910097
3/3/2020,524,533.349976,514.150024,520.799988,518.970825,10368929
3/4/2020,525,532.799988,507.399994,516.75,514.935059,17733434
3/5/2020,522.799988,530.700012,516.650024,526.900024,525.049438,14080598
3/6/2020,517.75,523.650024,511.450012,519.150024,517.32666,9328722
3/9/2020,510,512,491.049988,496.25,494.50708,15375556
3/11/2020,487,508.5,487,493.799988,492.065674,21007582
3/12/2020,478.5,481.5,459.200012,464.950012,463.317017,14204409
3/13/2020,453.799988,509.049988,420,491.850006,490.122528,23807314
3/16/2020,472.25,492.950012,456.149994,464.799988,463.167511,14661016
3/17/2020,465,481,444.350006,454.700012,453.103027,12396957
3/18/2020,460,478.799988,407.450012,425.549988,424.055359,28801933
3/19/2020,416.450012,451.649994,361.75,444.75,443.187958,23574623
3/20/2020,445,472,436.649994,462.649994,461.025085,19394829
3/23/2020,416.399994,445.700012,399.5,407.350006,405.919312,14632657
3/24/2020,410.899994,437.850006,400.149994,404.049988,402.63089,12709240
3/25/2020,406.549988,438.25,405.600006,429.100006,427.592926,13833466
3/26/2020,426.5,493.450012,420.25,470.700012,469.046814,21891559
3/27/2020,470.700012,474.799988,437.5,448.950012,447.373199,16076572
3/30/2020,443.850006,449.299988,428,431.049988,429.536041,10022553
3/31/2020,441,447,424,440.899994,439.351471,16745069
4/1/2020,440,440,412.399994,421.350006,419.870148,9469123
4/3/2020,432,432,415.600006,423.950012,422.460999,14153710
4/7/2020,433.149994,485.75,433.149994,470.200012,468.548584,15266903
4/8/2020,474.350006,491.100006,453,461.649994,460.028595,13387974
4/9/2020,471,492.299988,471,488.700012,486.983612,11742367
4/13/2020,491,520.900024,491,512.200012,510.401062,23966578
4/15/2020,533.950012,535.950012,505.049988,510.5,508.707031,25792855
4/16/2020,500,513,497.350006,500.450012,498.692322,17080435
4/17/2020,511,512.5,498.200012,502.450012,500.685303,16127523
4/20/2020,507.700012,507.700012,486.899994,490.299988,488.577942,11473101
4/21/2020,484,503.799988,479.149994,500.5,498.742157,15490855
4/22/2020,516,517.049988,492.049988,501.399994,499.638977,18107595
4/23/2020,501.850006,507.299988,491.049988,496,494.257935,12532066
4/24/2020,494.899994,499,484.450012,494.25,492.514099,11937738
4/27/2020,498.049988,503.049988,491.100006,494.049988,492.314789,9888710
4/28/2020,497.450012,497.450012,484.100006,485.649994,483.944305,11512936
4/29/2020,490.950012,498.399994,487.049988,496,494.257935,8217429
4/30/2020,503.100006,515.950012,495.200012,514.299988,512.493652,19799159
5/4/2020,502.450012,540,499.899994,532.5,530.629761,34019449
5/5/2020,538,553.700012,526.049988,528.049988,526.195374,29936905
5/6/2020,531.75,551.450012,530.049988,546,544.082336,25594154
5/7/2020,545.349976,545.349976,524.450012,528.049988,526.195374,15532117
5/8/2020,540,545.799988,528.299988,530.049988,528.188354,13592411
5/11/2020,533.049988,548.5,532.099976,536.200012,534.316772,14223754
5/12/2020,533,564,530.5,559.849976,557.883667,22616585
5/13/2020,568.400024,569.75,549.299988,555.950012,553.997375,21113369
5/14/2020,551.099976,562.5,535.099976,539.849976,537.953918,13180860
5/15/2020,543.5,556.900024,539.400024,554.099976,552.15387,14486140
5/18/2020,556.900024,559,535.200012,538.049988,536.160217,21586050
5/19/2020,558.5,603.5,557,598.799988,596.696899,71908985
5/20/2020,605,612,588.599976,594.049988,591.963562,35741865
5/21/2020,590.5,604.5,585.400024,594.549988,592.461792,20292552
5/22/2020,597,597.400024,587,593.200012,591.116577,11416299
5/26/2020,572,576.450012,557.549988,559.25,557.285828,76496981
5/27/2020,561,565.549988,553.849976,563.099976,561.122253,22525840
5/28/2020,564.650024,568,556,562.75,560.773499,16268836
5/29/2020,558,564,543.799988,552.599976,550.659119,54188806
6/1/2020,559,561.650024,550.150024,559.049988,557.086487,39287024
6/2/2020,563,572.299988,556.099976,558.099976,556.139832,31972728
6/3/2020,568,568.299988,549.25,551.650024,549.712524,29234914
6/4/2020,552.299988,585.400024,549.549988,572.450012,570.439453,29454264
6/5/2020,584,590,567.450012,584.349976,582.297607,47873027
6/8/2020,588,593.700012,579.200012,585.150024,583.094849,20429990
6/9/2020,580,591.650024,565.700012,567.799988,565.805786,14938972
6/10/2020,571,576,563.049988,567.099976,565.108215,19130270
6/11/2020,570,573.799988,546.700012,551.849976,549.911743,27290666
6/12/2020,540,562,540,560.099976,558.132813,18870073
6/15/2020,556,563.75,549,550.700012,548.765869,13583898
6/16/2020,558,559.299988,537,544.900024,542.986206,19072591
6/17/2020,546.849976,565.5,541,563.450012,561.471069,20531273
6/18/2020,564.25,572.900024,558.200012,560.900024,558.930054,19329677
6/19/2020,561.900024,578.200012,561,572.5,570.489258,41152081
6/22/2020,575.799988,588,570.400024,581.049988,579.009216,12715764
6/23/2020,581.049988,584.599976,574.349976,578.799988,576.767151,9761566
6/24/2020,581,582,555,557.349976,555.392456,12387239
6/25/2020,553.900024,563.700012,550,559,557.036682,15588791
6/26/2020,560,566.400024,557.150024,560.400024,558.431763,11108837
6/29/2020,558.900024,568.950012,551.200012,567.099976,565.108215,12920390
6/30/2020,572,577,557.400024,559.849976,557.883667,12939125
7/1/2020,575,575,558.299988,560.150024,558.182678,13638591
7/2/2020,564.799988,567,557.599976,558.450012,556.488647,13541452
7/3/2020,561.799988,583.450012,560.599976,581.450012,579.407837,20618770
7/6/2020,587.599976,589.299988,575.049988,576.599976,574.574829,15817653
7/7/2020,579,582.599976,566.049988,567.150024,565.158081,12524299
7/8/2020,572,574,559,561.299988,559.328613,9404733
7/9/2020,564,570.25,560.299988,568.650024,566.652832,8452955
7/10/2020,569.099976,579,565.650024,574.700012,572.681519,13282943
7/13/2020,574.5,589,570,586.799988,584.739014,16353455
7/14/2020,584.5,596.799988,578.549988,589.349976,587.280029,32328497
7/15/2020,588.950012,588.950012,559.650024,563.599976,561.620483,19693187
7/16/2020,565.900024,566.200012,553.299988,562.75,560.773499,11316406
7/17/2020,563.099976,573.900024,561.75,566.75,564.75946,11964836
7/20/2020,571,582.5,567.599976,575.75,573.727844,9609258
7/21/2020,580,583.799988,566.349976,567.75,565.75592,11784668
7/22/2020,568,575.5,562.799988,569.150024,567.151062,10831170
7/23/2020,570,575.75,564,567.200012,565.207886,9539679
7/24/2020,565,567.400024,555.400024,559.450012,557.485107,9776883
7/27/2020,558.200012,563.75,544.150024,559.5,557.534912,10694766
7/28/2020,558.5,574.25,555.299988,564.599976,562.617004,13948327
7/29/2020,565.25,569.150024,560.25,566.200012,564.211426,9795850
7/30/2020,576,580.450012,543.049988,552.700012,550.758789,44491042
7/31/2020,550.900024,559.299988,546.299988,554.849976,552.901245,13660951
8/3/2020,554.5,556.5,546.400024,547.349976,545.427551,9219647
8/4/2020,548,553.349976,545.849976,549,547.071777,11813321
8/5/2020,552,560.5,546.549988,558.950012,556.986877,12682126
8/6/2020,561.700012,561.700012,552.650024,555.299988,555.299988,10425223
8/7/2020,556,563.400024,552.049988,560.799988,560.799988,7210629
8/10/2020,564.299988,565,554.799988,558.849976,558.849976,9417791
8/11/2020,558,560.5,550.200012,551.099976,551.099976,8137906
8/12/2020,550,561.25,545.349976,547.700012,547.700012,12380655
8/13/2020,534,548.299988,524.25,535.349976,535.349976,36774315
8/14/2020,542.849976,542.849976,525,528.599976,528.599976,18208679
8/17/2020,530.549988,532.5,518.099976,521.400024,521.400024,19012503
8/18/2020,522.049988,529.099976,520.150024,526.299988,526.299988,13517871
8/19/2020,529,539.900024,527.099976,535.849976,535.849976,17074711
8/20/2020,531,533.599976,522.700012,525.549988,525.549988,13438502
8/21/2020,529.799988,529.799988,516,520.25,520.25,21834948
8/24/2020,517.900024,532.400024,508.200012,526.900024,526.900024,29166795
8/25/2020,534.5,535.650024,526,528.650024,528.650024,19515469
8/26/2020,528.400024,528.400024,512,514.5,514.5,25900711
8/27/2020,514.400024,518.5,508,511.149994,511.149994,21857811
8/28/2020,512.099976,529.549988,512.099976,523.450012,523.450012,21808307
8/31/2020,518.5,522.299988,508.549988,513.099976,513.099976,186822112
9/1/2020,517.5,555.450012,514.200012,546.25,546.25,74337055
9/2/2020,550,559,545.099976,550.549988,550.549988,35023080
9/3/2020,550.549988,552.900024,535.650024,538,538,24622371
9/4/2020,531.5,538,519.5,523.150024,523.150024,28083101
9/7/2020,525,528,510.299988,515.450012,515.450012,16146880
9/8/2020,516,516.849976,494,498.100006,498.100006,33123285
9/9/2020,493.25,506.649994,491.100006,504.25,504.25,31477528
9/10/2020,508,508,491.200012,497.350006,497.350006,21005683
9/11/2020,499.299988,502.450012,488.549988,491.649994,491.649994,15595789
9/14/2020,496,497.25,468.299988,474.100006,474.100006,52055170
9/15/2020,475.149994,487.649994,470.049988,485.549988,485.549988,30856993
9/16/2020,487,490.700012,480.549988,481.75,481.75,13133009
9/17/2020,480,482.350006,474,479,479,13497099
9/18/2020,483,497.649994,475.299988,494.549988,494.549988,54801197
9/21/2020,496,496,461.25,467.75,467.75,22736012
9/22/2020,468.5,478.5,461,470.950012,470.950012,18600835
9/23/2020,467,467,423.899994,433.799988,433.799988,85210323
9/24/2020,425.25,433.5,416.149994,419.299988,419.299988,35786822
9/25/2020,425,444.950012,422.149994,439.649994,439.649994,33601909
9/28/2020,446,447.649994,434.049988,443.649994,443.649994,21050405
9/29/2020,444,444.549988,429.5,435.600006,435.600006,17851941
9/30/2020,438,440.399994,418.149994,420.950012,420.950012,27176142
10/1/2020,426,434.600006,423.649994,432.350006,432.350006,13343410
10/5/2020,432.350006,437.5,423,424.450012,424.450012,15000512
10/6/2020,427,430,423.100006,426.75,426.75,10874138
10/7/2020,427.799988,431.75,421.100006,422.450012,422.450012,10201992
10/8/2020,426,435.5,419.100006,424.450012,424.450012,16704999
10/9/2020,428,435,423.299988,425.200012,425.200012,20562554
10/12/2020,428,430.600006,411.850006,415.049988,415.049988,14062583
10/13/2020,421.149994,427.5,413.100006,415.299988,415.299988,27781712
10/14/2020,416.399994,419.5,411.299988,413.25,413.25,14109639
10/15/2020,413.399994,415.5,395,399.200012,399.200012,27855207
10/16/2020,404.450012,407.299988,398.350006,401.649994,401.649994,23347926
10/19/2020,403.549988,404.649994,394,397.700012,397.700012,16919802
10/20/2020,397.700012,413.200012,396.950012,405,405,25908801
10/21/2020,405.700012,420.200012,403.549988,419,419,23488208
10/22/2020,419,432.350006,418,430.649994,430.649994,26516700
10/23/2020,434.899994,437.600006,427.299988,434.399994,434.399994,18171109
10/26/2020,434.350006,439.450012,428,434.049988,434.049988,11736641
10/27/2020,434.049988,438.899994,427.5,433.350006,433.350006,12781163
10/28/2020,446,488,442,451.850006,451.850006,123585414
10/29/2020,447.700012,457.100006,445,450.799988,450.799988,25066713
10/30/2020,454.899994,454.899994,430.5,433.75,433.75,23051143
11/2/2020,435,460,435,457.399994,457.399994,28174600
11/3/2020,458,460.700012,447.450012,454.600006,454.600006,16036760
11/4/2020,453,455.549988,447.149994,453.049988,453.049988,10003680
11/5/2020,457,461.899994,452.600006,457.299988,457.299988,9234395
11/6/2020,457,460.350006,448.75,449.899994,449.899994,11970462
11/9/2020,456.299988,474.75,452.549988,471.799988,471.799988,24493687
11/10/2020,474,474.149994,465,466.399994,466.399994,9620279
11/11/2020,467.950012,481.350006,464.049988,478.600006,478.600006,15737416
11/12/2020,476.850006,483.200012,475.049988,479.850006,479.850006,14512799
11/13/2020,477,478,470,475.75,475.75,8272841
11/14/2020,487,487,479,481.5,481.5,3940508
11/17/2020,490.899994,494.950012,481.25,484.549988,484.549988,18699305
11/18/2020,483.950012,485,471.100006,478.399994,478.399994,10311000
11/19/2020,476,481.450012,467,468.549988,468.549988,11329235
11/20/2020,470.5,485.950012,465.350006,483.700012,483.700012,11867647
11/23/2020,486.75,486.75,475.100006,477.25,477.25,10005675
11/24/2020,478.399994,481.25,471.200012,474.25,474.25,9173967
11/25/2020,476.5,477.899994,458.649994,464.100006,464.100006,14229948
11/26/2020,468.700012,469.649994,460.100006,468.399994,468.399994,11322533
11/27/2020,468.299988,472.649994,462,463.25,463.25,18151096
12/1/2020,467.75,482.5,460.5,479.450012,479.450012,18193356
12/2/2020,481,487.899994,474.049988,484.899994,484.899994,20562558
12/3/2020,487.100006,489.149994,474,479.899994,479.899994,19723853
12/4/2020,486.850006,497.799988,483.399994,493.75,493.75,31039563
12/7/2020,498,510.5,494.600006,508.950012,508.950012,22125752
12/8/2020,514,516.25,499.649994,503.600006,503.600006,19298806
12/9/2020,504.899994,506.899994,499.100006,503.049988,503.049988,11608846
12/10/2020,501.5,508.75,494.100006,505.149994,505.149994,13194186
12/11/2020,508.5,508.5,497.299988,504.399994,504.399994,13760737
12/14/2020,507,512,501.149994,503.049988,503.049988,13886923
12/15/2020,505.850006,506.799988,498.100006,504.200012,504.200012,13074733
12/16/2020,504.200012,518.799988,502.100006,516.200012,516.200012,17381441
12/17/2020,517,522.5,512,515.099976,515.099976,19654749
12/18/2020,513.900024,514.900024,505.049988,510.649994,510.649994,10797760
12/21/2020,507.5,511.200012,480.149994,490.899994,490.899994,15253094
12/22/2020,494,505,485.549988,500.299988,500.299988,21233811
12/23/2020,500.299988,509.5,498.399994,507.200012,507.200012,13081361
12/24/2020,520,523,510.450012,517.299988,517.299988,20849597
12/28/2020,520.099976,527,516.599976,521.599976,521.599976,12882390
12/29/2020,523,524.950012,515.099976,520.25,520.25,11246474
12/30/2020,523.400024,523.400024,513.299988,516.150024,516.150024,10494434
12/31/2020,517.099976,518.450012,506.299988,509.700012,509.700012,15524994
1/1/2021,512.25,516.400024,508.200012,515.150024,515.150024,10185843
1/4/2021,517,520.5,511.600006,517.099976,517.099976,13240524
1/5/2021,514,516.900024,511.100006,514,514,10492428
1/6/2021,515,531.75,513.099976,525.299988,525.299988,30269288
1/7/2021,532,554.450012,527.099976,545.25,545.25,38717913
1/8/2021,549.299988,549.75,537.299988,540.25,540.25,14270435
1/11/2021,541.5,554.349976,541.5,547.150024,547.150024,19525604
1/12/2021,549,569,545,565.75,565.75,25380555
1/13/2021,588,601.700012,567,578.25,578.25,83668562
1/14/2021,582.700012,584.799988,570.049988,580.549988,580.549988,16661518
1/15/2021,609.549988,610.650024,593.799988,602.650024,602.650024,56392307
1/18/2021,602.650024,603,584,586.950012,586.950012,20965905
1/19/2021,591.099976,597.450012,586.5,592.299988,592.299988,10830923
1/20/2021,592.299988,602.5,589,596.150024,596.150024,13087294
1/21/2021,600.25,604.049988,574.400024,581.349976,581.349976,17060331
1/22/2021,583.900024,585.549988,572.75,576.849976,576.849976,12429589
1/25/2021,579,587.849976,569.549988,580.75,580.75,12273498
1/27/2021,580,581.75,562.349976,570.799988,570.799988,15280757
1/28/2021,566.5,575.849976,562.75,570.900024,570.900024,14921448
1/29/2021,578.5,578.5,550.599976,553.599976,553.599976,25051621
2/1/2021,559,581.099976,549.200012,579.150024,579.150024,13951025
2/2/2021,584.900024,605.650024,579.25,599.349976,599.349976,21311866
2/3/2021,609.400024,622.5,599.450012,608.849976,608.849976,30076561
2/4/2021,614.900024,623,595.650024,600.599976,600.599976,51018799
2/5/2021,603.799988,605.900024,576.25,581.099976,581.099976,34811620
2/8/2021,589,603.650024,584.700012,597.299988,597.299988,21247165
2/9/2021,598.900024,607.75,595,598.950012,598.950012,20541765
2/10/2021,604.950012,607.75,580.25,590.200012,590.200012,31059522
2/11/2021,592,603.549988,589,598.099976,598.099976,18898771
2/12/2021,597.849976,597.849976,584.599976,586.25,586.25,15611939
2/15/2021,592.099976,603,590,593.700012,593.700012,17641523
2/16/2021,595,601.599976,593,593.950012,593.950012,14787224
2/17/2021,596.950012,598.799988,590.049988,593.849976,593.849976,16133750
2/18/2021,597,598,585.200012,589.049988,589.049988,21784559
2/19/2021,590,596,575.5,581.349976,581.349976,19106404
2/22/2021,582,584.900024,568,570.299988,570.299988,19854892
2/23/2021,575,577,564,565.549988,565.549988,23326447
2/24/2021,568.099976,574.099976,565.200012,572.950012,572.950012,8725136
2/25/2021,579.900024,584.450012,577.049988,579.150024,579.150024,15931134
2/26/2021,574.5,585.950012,551.75,556.299988,556.299988,194887984
3/1/2021,558,559.099976,521,532.200012,532.200012,54075848
3/2/2021,540.5,544,528.849976,541.200012,541.200012,30058411
3/3/2021,548.75,550.75,540,546.299988,546.299988,24214390
3/4/2021,540,546,538,539.599976,539.599976,17352483
3/5/2021,535,538.5,524.400024,532.799988,532.799988,16351700
3/8/2021,531,535.450012,524.75,525.700012,525.700012,15011518
3/9/2021,530.099976,532,514.299988,521.75,521.75,19809833
3/10/2021,520.200012,530.5,516.349976,525.849976,525.849976,18663334
3/12/2021,530.549988,532.75,521.549988,524.200012,524.200012,11410264
3/15/2021,527.799988,527.799988,516.400024,522.849976,522.849976,10675512
3/16/2021,524,533.75,524,529.299988,529.299988,13007824
3/17/2021,528.799988,531,519,522.900024,522.900024,8326430
3/18/2021,529.849976,532.200012,515.349976,527.200012,527.200012,12235615
3/19/2021,528,534.75,525.5,529.950012,529.950012,48683525
3/22/2021,533.049988,534,523,528,528,13331409
3/23/2021,529.700012,532.450012,522.150024,529.25,529.25,14958494
3/24/2021,528,533.450012,521.5,523.650024,523.650024,10602439
3/25/2021,523.400024,523.650024,499.549988,507.75,507.75,17248482
3/26/2021,512.099976,524.900024,510.600006,522.5,522.5,10943035
3/30/2021,527.799988,527.900024,516.25,521.5,521.5,10494098
3/31/2021,522.349976,525.900024,516.25,517.299988,517.299988,7570387
4/1/2021,519.950012,523.900024,514.549988,520.799988,520.799988,6980458
4/5/2021,520.799988,529,514.599976,528.25,528.25,9203847
4/6/2021,528.5,537.849976,524.549988,532.200012,532.200012,12873443
4/7/2021,537,546.900024,535.25,541.599976,541.599976,20997280
4/8/2021,546.799988,548.549988,540.5,543,543,11157958
4/9/2021,539.5,549.75,536.5,545.25,545.25,11426998
4/12/2021,537.549988,538.849976,518.5,522.450012,522.450012,9687846
4/13/2021,526.400024,540,523.099976,536.150024,536.150024,6535007
4/15/2021,540,546.150024,530.25,539.349976,539.349976,9805711
4/16/2021,540.049988,544.150024,538,540.75,540.75,6157781
4/19/2021,532.25,535,523.25,526.450012,526.450012,7232945
4/20/2021,529,537,525.900024,530.200012,530.200012,7233304
4/22/2021,530,533.400024,526.049988,530.849976,530.849976,6552131
4/23/2021,529,532.450012,519.099976,522.599976,522.599976,6992388
4/26/2021,522.75,528.5,522.75,527.549988,527.549988,5819893
4/27/2021,527.450012,538.549988,526.25,534.299988,534.299988,9693047
4/28/2021,535.950012,548,535.599976,544.299988,544.299988,11970652
4/29/2021,549.700012,550,539.099976,540.849976,540.849976,8683857
4/30/2021,533.5,547,533.5,536.75,536.75,8178192
5/3/2021,530,562.5,529.049988,558.849976,558.849976,14288088
5/4/2021,565.950012,565.950012,546.700012,552.450012,552.450012,13934607
5/5/2021,556.900024,564.950012,554,559.950012,559.950012,11872729
5/6/2021,559.950012,564.400024,552.599976,558.75,558.75,9000753
5/7/2021,561.200012,572.900024,556.900024,568.5,568.5,12656867
5/10/2021,572,577,569.099976,572.549988,572.549988,8211446
5/11/2021,565.5,574.849976,564.049988,568.400024,568.400024,7885422
5/12/2021,568,569.150024,558.200012,561.75,561.75,6689476
5/14/2021,564,569.349976,556.150024,560.400024,560.400024,7555855
5/17/2021,563.950012,563.950012,545.799988,549.650024,549.650024,13424956
5/18/2021,547.5,552.900024,534.549988,536.349976,536.349976,34324460
5/19/2021,537.900024,540.549988,526.200012,528.200012,528.200012,19223054
5/20/2021,531,531,520,520.650024,520.650024,13777903
5/21/2021,523.25,533.299988,522,530.950012,530.950012,10299402
5/24/2021,531,533,526,526.799988,526.799988,6268351
5/25/2021,529.900024,530.799988,524.5,526.099976,526.099976,9239443
5/26/2021,529,530.799988,525,525.75,525.75,6781577
5/27/2021,526.099976,527,518.700012,519.799988,519.799988,22363299
5/28/2021,522.25,528.5,520.400024,523.599976,523.599976,10060110
5/31/2021,525.5,536,525.099976,534.900024,534.900024,12567516
6/1/2021,537.450012,538.400024,530.299988,532.900024,532.900024,8280431
6/2/2021,529.900024,534.599976,528,529.5,529.5,10372845
6/3/2021,530,533.400024,528.5,532.049988,532.049988,6174103
6/4/2021,533.950012,535.799988,531.200012,532.700012,532.700012,4788898
6/7/2021,534,541,533,536.450012,536.450012,9496183
6/8/2021,538.099976,548,534,546.799988,546.799988,12586649
6/9/2021,549.900024,551.5,535.349976,540,540,12440819
6/10/2021,543.900024,547.849976,540.349976,545.150024,545.150024,6888855
6/11/2021,545.5,549.75,540.049988,540.849976,540.849976,7634036
6/14/2021,540.849976,540.849976,529.299988,539.349976,539.349976,5609077
6/15/2021,541,543.650024,538.400024,542.5,542.5,7130896
6/16/2021,543.799988,543.799988,534.900024,536.75,536.75,9860470
6/17/2021,539.5,541.25,527.049988,528.650024,528.650024,10026485
6/18/2021,531.400024,541.900024,519,538.75,538.75,14723907
6/21/2021,535,541.900024,533,539.599976,539.599976,5637000
6/22/2021,548.049988,549,535.5,536.400024,536.400024,8946586
6/23/2021,538,539.200012,532.700012,534.049988,534.049988,4679563
6/24/2021,535,535.450012,527.400024,528.75,528.75,6301610
6/25/2021,531.299988,535.900024,529.349976,535.099976,535.099976,5402768
6/28/2021,537,537,530.450012,531.200012,531.200012,5168753
6/29/2021,531.25,532.25,524,524.950012,524.950012,8553386
6/30/2021,527,530.400024,524.349976,525.650024,525.650024,5654391
7/1/2021,529,531,522,522.650024,522.650024,6454014
7/2/2021,525.599976,533,520,525,525,13063791
7/5/2021,528,528.5,523.299988,523.950012,523.950012,6256128
7/6/2021,523.5,527.700012,521.099976,526.099976,526.099976,10300966
7/7/2021,523.200012,530.599976,523.200012,529.599976,529.599976,6546286
7/8/2021,530,532.799988,523.549988,525.299988,525.299988,5301428
7/9/2021,525.5,537.5,523,536.25,536.25,7169047
7/12/2021,538.950012,538.950012,528.650024,529.650024,529.650024,8768168
7/13/2021,533.549988,535.5,528.200012,530.049988,530.049988,7988044
7/14/2021,529,531.400024,526.650024,530.049988,530.049988,6543996
7/15/2021,532.5,532.5,525,525.450012,525.450012,6759881
7/16/2021,527,543.400024,525.950012,541.150024,541.150024,11043791
7/19/2021,539,544.700012,529.299988,538.450012,538.450012,8962285
7/20/2021,536.450012,536.799988,523,525.75,525.75,7505544
7/22/2021,531.099976,548,523.650024,546.700012,546.700012,19847956
7/23/2021,547.700012,560.650024,532.75,548.299988,548.299988,32588978
7/26/2021,545,553.849976,542.099976,544.049988,544.049988,5118493
7/27/2021,545.799988,545.799988,536.150024,540.549988,540.549988,5727485
7/28/2021,539.5,570.700012,537.849976,567.900024,567.900024,31932505
7/29/2021,574.099976,576.700012,565,567.150024,567.150024,15552340
7/30/2021,565.900024,568.5,557.799988,561.650024,561.650024,9938812
8/2/2021,566,569.950012,560,565.150024,565.150024,6254864
8/3/2021,568,582,562.099976,580.200012,580.200012,21280806
8/4/2021,575,586.900024,570.299988,574.400024,574.400024,21414510
8/5/2021,577.5,619,577.5,598.700012,598.700012,71088770
8/6/2021,594.5,616.950012,588.5,607.900024,607.900024,28520160
8/9/2021,610,612.700012,597.549988,599.25,599.25,9892910
8/10/2021,602.200012,628,598.400024,622.200012,622.200012,33878294
8/11/2021,622.200012,629.25,613.700012,620.849976,620.849976,18386089
8/12/2021,623,628.950012,617,623.150024,623.150024,8274954
8/13/2021,623.150024,638.799988,618.099976,637.049988,637.049988,20690579
8/16/2021,638.75,644,632,634.049988,634.049988,10312706
8/17/2021,634.049988,638,623,626.349976,626.349976,11102775
8/18/2021,625.900024,634,620.849976,622.950012,622.950012,7005347
8/20/2021,619.5,633,607,613.700012,613.700012,12534832
8/23/2021,618.400024,630.5,607.599976,622.650024,622.650024,12554898
8/24/2021,627.950012,627.950012,617.049988,620.099976,620.099976,5776595
8/25/2021,622.349976,622.349976,611,612.450012,612.450012,7977884
8/26/2021,610,611.5,584.299988,586.900024,586.900024,25831904
8/27/2021,588.799988,605.400024,585.049988,595.150024,595.150024,16141223
8/30/2021,596,625,590.099976,620.450012,620.450012,39759785
8/31/2021,626.049988,668.099976,625,664.049988,664.049988,59661820
9/1/2021,668,673.299988,654,666.400024,666.400024,30228814
9/2/2021,669.950012,673.75,664.049988,666.5,666.5,18601857
9/3/2021,668,669.599976,654,658.450012,658.450012,7774350
9/6/2021,664.400024,665.75,653.400024,654.599976,654.599976,10035041
9/7/2021,657.950012,680.5,648,670.549988,670.549988,27665704
9/8/2021,678,683.799988,665,667.849976,667.849976,20492200
9/9/2021,667.849976,688.200012,667.049988,686.150024,686.150024,19419892
9/13/2021,692,697,685.849976,693.299988,693.299988,19341527
9/14/2021,682.191833,686.805237,676.400574,681.406616,681.406616,11694600
9/15/2021,684.154968,721.405579,683.320679,712.129761,712.129761,56796797
9/16/2021,721.454712,723.417847,702.215881,705.356934,705.356934,45001991
9/17/2021,707.712708,721.20929,707.712708,714.730896,714.730896,26649321
9/20/2021,711.638977,720.17865,707.025574,711.589905,711.589905,14330899
9/21/2021,709.577698,727.098694,708.694275,713.258545,713.258545,14216876
9/22/2021,713.602112,718.559082,710.755554,713.35675,713.35675,16348622
9/23/2021,719.884155,726.460693,709.872131,713.405823,713.405823,26497345
9/24/2021,715.614319,739.122986,714.583679,725.773621,725.773621,72175065
9/27/2021,731,731.900024,718.150024,722.549988,722.549988,11282248
9/28/2021,724.400024,726.799988,686,696.150024,696.150024,21944239
9/29/2021,697,702,689.150024,694.099976,694.099976,16729859
9/30/2021,695.799988,709.799988,686.799988,688.299988,688.299988,13911568
10/1/2021,687.349976,687.349976,667.650024,675.900024,675.900024,14952128
10/4/2021,675,686.200012,669.700012,681.400024,681.400024,8917898
10/5/2021,684.400024,703.450012,680.400024,699.25,699.25,25598885
10/6/2021,705.75,707.950012,688.200012,691.400024,691.400024,10406502
10/7/2021,695.75,702.200012,691.299988,692.5,692.5,8121590
10/8/2021,695.150024,699.549988,688.900024,695.5,695.5,6297352
10/11/2021,693.099976,696.049988,685,690.849976,690.849976,8792050
10/12/2021,691,698.400024,684.200012,686.349976,686.349976,8579567
10/13/2021,689,696.799988,683.099976,689.900024,689.900024,7062149
10/14/2021,693,694,681.849976,685.799988,685.799988,9820591
10/18/2021,700,701.950012,679.650024,680.599976,680.599976,8574445
10/19/2021,699,699,675.450012,681.099976,681.099976,7328862
10/20/2021,683.400024,713.900024,681.400024,708.450012,708.450012,21217306
10/21/2021,710.950012,712.349976,689.200012,696.049988,696.049988,8908979
10/22/2021,698.5,705.299988,684.25,694.5,694.5,6587256
10/25/2021,693,704,675,691.099976,691.099976,9540441
10/26/2021,695,709.849976,689,696.200012,696.200012,10953878
10/27/2021,699.400024,714.650024,694,702.349976,702.349976,11878571
10/28/2021,702.75,706.049988,684.400024,689.75,689.75,8884507
10/29/2021,692.200012,701,677.049988,685.349976,685.349976,8602343
11/1/2021,689.950012,722.799988,689.599976,712.5,712.5,17121001
11/2/2021,712.5,723.099976,709.549988,713.950012,713.950012,7725455
11/3/2021,725.75,732.5,696,699.099976,699.099976,23261507
11/4/2021,704,704.799988,699.200012,701.099976,701.099976,1064714
11/8/2021,707.450012,714.900024,704,709,709,7565546
11/9/2021,711.700012,716.450012,705.150024,713.200012,713.200012,5278131
11/10/2021,717.5,738,707.349976,735.450012,735.450012,15180490
11/11/2021,735,738.599976,724.25,728.599976,728.599976,7421118
11/12/2021,733,745,725.25,743.5,743.5,9207508
11/15/2021,740,746,736.200012,737.549988,737.549988,5454742
11/16/2021,741.349976,742.049988,727.049988,730.299988,730.299988,4639931
11/17/2021,724.549988,732.349976,716.25,720.049988,720.049988,8002927
11/18/2021,720.599976,723.450012,708,714.349976,714.349976,4469597
11/22/2021,740,755.950012,733.099976,742.099976,742.099976,36884348
11/23/2021,745,761,735.700012,758.900024,758.900024,18240414
11/24/2021,764,781.799988,756.25,758.900024,758.900024,21653712
11/25/2021,759.049988,768.5,752.799988,765.150024,765.150024,8483653
11/26/2021,763,763,733.099976,738.75,738.75,11142921
11/29/2021,752,755,727.099976,739.349976,739.349976,15885643
11/30/2021,740,750.200012,722.650024,728.25,728.25,14272616
12/1/2021,733,737.400024,718.25,722.25,722.25,10488561
12/2/2021,723.900024,735.700012,714.150024,732.549988,732.549988,11507427
12/3/2021,730,734.650024,716.299988,718.349976,718.349976,11024093
12/6/2021,718,721.900024,693.849976,697.599976,697.599976,8804487
12/7/2021,702.349976,705.700012,694.099976,698.849976,698.849976,10238693
12/8/2021,705,719,702.299988,715.150024,715.150024,8296393
12/9/2021,716.799988,723.950012,711,713.950012,713.950012,9069515
12/10/2021,711,718.900024,707,710.700012,710.700012,4251339
12/13/2021,715,718.400024,698.349976,703.099976,703.099976,9896899
12/14/2021,701,706.299988,688.400024,691.599976,691.599976,9275631
12/15/2021,691.75,694.900024,684.099976,685.450012,685.450012,7674319
12/16/2021,689.900024,689.900024,677.599976,681.400024,681.400024,9633006
12/17/2021,681,685.700012,661.099976,666.049988,666.049988,13850460
12/20/2021,659.150024,661.150024,645.099976,658.25,658.25,11812939
12/21/2021,663.950012,670.900024,659.200012,667,667,8084499
12/22/2021,667,686,667,684.75,684.75,8522226
12/23/2021,689,689,675.5,678.75,678.75,5602466
12/24/2021,682.099976,682.849976,672.650024,677.049988,677.049988,3756020
12/27/2021,674.950012,678.349976,668.650024,675.75,675.75,3658572
12/28/2021,679.849976,683.5,675.049988,680.049988,680.049988,3892590
12/29/2021,679.950012,683.5,675,676.849976,676.849976,3847574
12/30/2021,677.5,685.799988,674.200012,679.349976,679.349976,5701612
12/31/2021,680.5,694.099976,680,683.799988,683.799988,4598628
1/3/2022,687.799988,692.599976,683.099976,691.299988,691.299988,2939833
1/4/2022,692.25,703.25,690.400024,697.450012,697.450012,6473875
1/5/2022,700.900024,702.75,691.75,700,700,4586105
1/6/2022,702,720.5,700,710.400024,710.400024,21642414
1/7/2022,713.900024,715.150024,701.450012,704.700012,704.700012,4315015
1/10/2022,705.400024,711.349976,703.650024,704.950012,704.950012,3565324
1/11/2022,703,709.549988,694.599976,703.450012,703.450012,10642484
1/12/2022,707.950012,732.700012,704.200012,730.200012,730.200012,12366953
1/13/2022,729,735.650024,726.150024,731.799988,731.799988,5829874
1/14/2022,729.950012,730.900024,718.450012,720.599976,720.599976,5344096
1/17/2022,720,734.75,719.549988,728.599976,728.599976,4340924
1/18/2022,727,730.700012,712.549988,714.349976,714.349976,4312058
1/19/2022,714,715,701.700012,703.700012,703.700012,5879490
1/20/2022,706,719.650024,705.25,715.400024,715.400024,4812496
1/21/2022,709.599976,714,689.349976,695.25,695.25,6704622
1/24/2022,690.299988,707,677.349976,689.900024,689.900024,11091633
1/25/2022,684,720.450012,682.150024,711.849976,711.849976,14128764
1/27/2022,706.5,716,701.5,707.25,707.25,8937312
1/28/2022,714.900024,754,701.650024,715.799988,715.799988,21450677
1/31/2022,728,735,719.549988,729.299988,729.299988,10745370
2/1/2022,733,735,718.299988,723.049988,723.049988,4814511
2/2/2022,726.099976,731.75,720.5,725.049988,725.049988,3286577
2/3/2022,726,729,718.5,721.650024,721.650024,3651578
2/4/2022,721.099976,723.25,716.5,720.200012,720.200012,3284198
2/7/2022,718,720.099976,699.5,706.5,706.5,6833983
2/8/2022,711.200012,714.700012,701,708.900024,708.900024,7167684
2/9/2022,707.099976,726.099976,702.150024,719.349976,719.349976,10185173
2/10/2022,722.950012,726.950012,708.599976,724.049988,724.049988,6074014
2/11/2022,721.700012,725.400024,710.900024,715.150024,715.150024,5646980
2/14/2022,704,704,685,689.700012,689.700012,7441445
2/15/2022,696,713.099976,686.599976,711.549988,711.549988,4650249
2/16/2022,717.400024,728.200012,708,721.799988,721.799988,5433910
2/17/2022,724.450012,727.5,715,717,717,5107708
2/18/2022,712.049988,719.549988,711.349976,712.549988,712.549988,4099366
2/21/2022,708.049988,716.549988,703,709.950012,709.950012,4307430
2/22/2022,694.200012,702.5,687.5,699.25,699.25,9148804
2/23/2022,700.099976,708.950012,699.5,704.400024,704.400024,4124469
2/24/2022,682,688.549988,645.450012,670.900024,670.900024,14139461
2/25/2022,677.5,695.150024,677.5,688.650024,688.650024,6452099
2/28/2022,681,690,666.450012,686.5,686.5,8301523
3/2/2022,684,684,666,674.25,674.25,10220908
3/3/2022,675,679.799988,668.599976,672.049988,672.049988,6517030
3/4/2022,665,667.950012,650,653.700012,653.700012,7094874
3/7/2022,640,679.349976,639,675.400024,675.400024,12615451
3/8/2022,675,686.849976,667.599976,683,683,8462985
3/9/2022,682,698,674.299988,691.5,691.5,9896395
3/10/2022,699.950012,707.5,690.599976,697.75,697.75,5989327
3/11/2022,696.700012,702.400024,691.5,694.849976,694.849976,3353880
3/14/2022,688.150024,704.849976,688.150024,700.400024,700.400024,4016137
3/15/2022,699,709.5,695.5,703.099976,703.099976,6006439
3/16/2022,710,715.5,705,712,712,3843706
3/17/2022,720,727.950012,715,722.900024,722.900024,8168953
3/21/2022,722,724.349976,706.799988,708.200012,708.200012,6317305
3/22/2022,708.5,721,705.849976,719.25,719.25,3000133
3/23/2022,719.25,719.849976,703,704.950012,704.950012,7974713
3/24/2022,698,708.849976,697.849976,706.349976,706.349976,3597143
3/25/2022,712.299988,714.450012,705.849976,709.349976,709.349976,2930336
